# library,nid,name
IoFileMgrForUser,0x109F50BC,sceIoOpen
IoFileMgrForUser,0x810C4BC3,sceIoClose
IoFileMgrForUser,0x6A638D83,sceIoRead
IoFileMgrForUser,0x42EC03AC,sceIoWrite
IoFileMgrForUser,0x27EB27B8,sceIoLseek
IoFileMgrForUser,0x68963324,sceIoLseek32
IoFileMgrForUser,0xACE946E8,sceIoGetstat
IoFileMgrForUser,0x54F5FB11,sceIoDevctl
SysMemUserForUser,0x7591C7DB,sceKernelSetCompiledSdkVersion
SysMemUserForUser,0xF77D77CB,sceKernelSetCompilerVersion
SysMemUserForUser,0x237DBD4F,sceKernelAllocPartitionMemory
SysMemUserForUser,0xB6D61D02,sceKernelFreePartitionMemory
SysMemUserForUser,0x9D9A5BA1,sceKernelGetBlockHeadAddr
SysMemUserForUser,0x13A5ABEF,sceKernelPrintf
ThreadManForUser,0x446D8DE6,sceKernelCreateThread
ThreadManForUser,0xF475845D,sceKernelStartThread
ThreadManForUser,0x809CE29B,sceKernelExitDeleteThread
ThreadManForUser,0x293B45B8,sceKernelGetThreadId
ThreadManForUser,0xCEADEB47,sceKernelDelayThread
IoFileMgrForUser,0xB293727F,sceIoChangeAsyncPriority
IoFileMgrForUser,0xB29DDF9C,sceIoDopen
IoFileMgrForUser,0xE3EB004C,sceIoDread
IoFileMgrForUser,0xEB092469,sceIoDclose
ThreadManForUser,0x278C0DF5,sceKernelWaitThreadEnd
ThreadManForUser,0x68DA9E36,sceKernelDelayThreadCB
ThreadManForUser,0xE81CAF8F,sceKernelCreateCallback
ThreadManForUser,0xEDBA5844,sceKernelDeleteCallback
ThreadManForUser,0xD6DA4BA1,sceKernelCreateSema
ThreadManForUser,0x28B6489C,sceKernelDeleteSema
ThreadManForUser,0x3F53E640,sceKernelSignalSema
ThreadManForUser,0x4E3A1105,sceKernelWaitSema
ThreadManForUser,0xEA748E31,sceKernelChangeCurrentThreadAttr
sceUmdUser,0x46EBB729,sceUmdCheckMedium
sceUmdUser,0x6B4A146C,sceUmdGetDriveStat
sceUmdUser,0x8EF08FCE,sceUmdWaitDriveStat
sceUmdUser,0xAEE7404D,sceUmdRegisterUMDCallBack
sceUmdUser,0xBD2BDE07,sceUmdUnRegisterUMDCallBack
sceUmdUser,0xC6183D47,sceUmdActivate
LoadExecForUser,0x4AC57943,sceKernelRegisterExitCallback
SysMemUserForUser,0xA291F107,sceKernelMaxFreeMemSize
ThreadManForUser,0xC07BB470,sceKernelCreateFpl
ThreadManForUser,0xD979E9BF,sceKernelAllocateFpl

# Names below were resolved by recomputing the documented PSP NID rule:
#   NID = first 4 bytes of SHA-1(function name), little-endian.
# Each entry was accepted only when that computation reproduced the NID
# observed in a real PSP module's import table, so none of them are guesses.
# The same computation reproduces all 42 pre-existing entries above.

InterruptManager,0xFB8E22EC,sceKernelEnableSubIntr
InterruptManager,0xCA04A2B9,sceKernelRegisterSubIntrHandler
InterruptManager,0xD61E6961,sceKernelReleaseSubIntrHandler

IoFileMgrForUser,0xFF5940B6,sceIoCloseAsync
IoFileMgrForUser,0xE95A012B,sceIoIoctlAsync
IoFileMgrForUser,0x71B19E77,sceIoLseekAsync
IoFileMgrForUser,0x06A70004,sceIoMkdir
IoFileMgrForUser,0x89AA9906,sceIoOpenAsync
IoFileMgrForUser,0x3251EA56,sceIoPollAsync
IoFileMgrForUser,0xA0B5A7C2,sceIoReadAsync
IoFileMgrForUser,0x779103A0,sceIoRename
IoFileMgrForUser,0xE23EEC33,sceIoWaitAsync
IoFileMgrForUser,0x35DBD746,sceIoWaitAsyncCB

Kernel_Library,0x5F10D406,sceKernelCpuResumeIntr
Kernel_Library,0x092968F4,sceKernelCpuSuspendIntr

LoadExecForUser,0x05572A5F,sceKernelExitGame

ModuleMgrForUser,0xF0A26395,sceKernelGetModuleId
ModuleMgrForUser,0xD8B73127,sceKernelGetModuleIdByAddress
ModuleMgrForUser,0x977DE386,sceKernelLoadModule
ModuleMgrForUser,0xB7F46618,sceKernelLoadModuleByID
ModuleMgrForUser,0xD675EBB8,sceKernelSelfStopUnloadModule
ModuleMgrForUser,0x50F0C1EC,sceKernelStartModule
ModuleMgrForUser,0xD1FF982A,sceKernelStopModule
ModuleMgrForUser,0x2E0911AA,sceKernelUnloadModule

StdioForUser,0xF78BA90A,sceKernelStderr
StdioForUser,0x172D316E,sceKernelStdin
StdioForUser,0xA6BAB2E9,sceKernelStdout

ThreadManForUser,0x7E65B999,sceKernelCancelAlarm
ThreadManForUser,0x71BC9871,sceKernelChangeThreadPriority
ThreadManForUser,0x349D6D6C,sceKernelCheckCallback
ThreadManForUser,0x812346E4,sceKernelClearEventFlag
ThreadManForUser,0x55C20A00,sceKernelCreateEventFlag
ThreadManForUser,0x8125221D,sceKernelCreateMbx
ThreadManForUser,0xEF9E4C70,sceKernelDeleteEventFlag
ThreadManForUser,0x86255ADA,sceKernelDeleteMbx
ThreadManForUser,0x9FA03CD3,sceKernelDeleteThread
ThreadManForUser,0xAA73C935,sceKernelExitThread
ThreadManForUser,0xDB738F35,sceKernelGetSystemTime
ThreadManForUser,0x369ED59D,sceKernelGetSystemTimeLow
ThreadManForUser,0x94AA61EE,sceKernelGetThreadCurrentPriority
ThreadManForUser,0x0D81716A,sceKernelPollMbx
ThreadManForUser,0x58B1F937,sceKernelPollSema
ThreadManForUser,0x18260574,sceKernelReceiveMbx
ThreadManForUser,0xF3986382,sceKernelReceiveMbxCB
ThreadManForUser,0xFFC36A14,sceKernelReferThreadRunStatus
ThreadManForUser,0x17C1684E,sceKernelReferThreadStatus
ThreadManForUser,0x912354A7,sceKernelRotateThreadReadyQueue
ThreadManForUser,0xE9B3061E,sceKernelSendMbx
ThreadManForUser,0x6652B8CA,sceKernelSetAlarm
ThreadManForUser,0x1FB15A32,sceKernelSetEventFlag
ThreadManForUser,0x9ACE131E,sceKernelSleepThread
ThreadManForUser,0x383F7BCC,sceKernelTerminateDeleteThread
ThreadManForUser,0x616403BA,sceKernelTerminateThread
ThreadManForUser,0x402FCF22,sceKernelWaitEventFlag
ThreadManForUser,0x6D212BAC,sceKernelWaitSemaCB
ThreadManForUser,0x840E8133,sceKernelWaitThreadEndCB
ThreadManForUser,0xD59EAD2F,sceKernelWakeupThread

UtilsForUser,0xBFA98062,sceKernelDcacheInvalidateRange
UtilsForUser,0x79D1C3FA,sceKernelDcacheWritebackAll
UtilsForUser,0xB435DEC5,sceKernelDcacheWritebackInvalidateAll
UtilsForUser,0x3EE30821,sceKernelDcacheWritebackRange
UtilsForUser,0x920F104A,sceKernelIcacheInvalidateAll
UtilsForUser,0x91E4F6A7,sceKernelLibcClock
UtilsForUser,0x71EC4271,sceKernelLibcGettimeofday
UtilsForUser,0x27CC57F0,sceKernelLibcTime

sceAtrac3plus,0x7DB31251,sceAtracAddStreamData
sceAtrac3plus,0x6A8C3CD5,sceAtracDecodeData
sceAtrac3plus,0xD6A5F2F7,sceAtracGetMaxSample
sceAtrac3plus,0x36FAABFB,sceAtracGetNextSample
sceAtrac3plus,0x5D268707,sceAtracGetStreamDataInfo
sceAtrac3plus,0x61EB33F5,sceAtracReleaseAtracID
sceAtrac3plus,0x7A20E7AF,sceAtracSetDataAndGetID
sceAtrac3plus,0x868120B5,sceAtracSetLoopNum

sceAudio,0x6FC46853,sceAudioChRelease
sceAudio,0x5EC81C55,sceAudioChReserve
sceAudio,0x95FD0C2D,sceAudioChangeChannelConfig
sceAudio,0xB7E1D8E7,sceAudioChangeChannelVolume
sceAudio,0xB011922F,sceAudioGetChannelRestLength
sceAudio,0x136CAF51,sceAudioOutputBlocking
sceAudio,0xE2D56B2D,sceAudioOutputPanned
sceAudio,0x13F592BC,sceAudioOutputPannedBlocking
sceAudio,0xCB2E439E,sceAudioSetChannelDataLen

sceCtrl,0x1F803938,sceCtrlReadBufferPositive
sceCtrl,0xA7144800,sceCtrlSetIdleCancelThreshold
sceCtrl,0x6A2774F3,sceCtrlSetSamplingCycle
sceCtrl,0x1F4011E6,sceCtrlSetSamplingMode

sceDisplay,0xEEDA2E54,sceDisplayGetFrameBuf
sceDisplay,0x9C6EAAD7,sceDisplayGetVcount
sceDisplay,0x289D82FE,sceDisplaySetFrameBuf
sceDisplay,0x0E20F177,sceDisplaySetMode
sceDisplay,0x984C27E7,sceDisplayWaitVblankStart

sceDmac,0x617F3FE6,sceDmacMemcpy

sceGe_user,0xB287BD61,sceGeDrawSync
sceGe_user,0xE47E40E4,sceGeEdramGetAddr
sceGe_user,0x1F6752AD,sceGeEdramGetSize
sceGe_user,0xB77905EA,sceGeEdramSetAddrTranslation
sceGe_user,0xAB49E76A,sceGeListEnQueue
sceGe_user,0x03444EB4,sceGeListSync
sceGe_user,0xE0D68148,sceGeListUpdateStallAddr
sceGe_user,0xA4FC06A4,sceGeSetCallback
sceGe_user,0x05DB22CE,sceGeUnsetCallback

sceMpeg,0x800C44DF,sceMpegAtracDecode
sceMpeg,0x0E3C2E9D,sceMpegAvcDecode
sceMpeg,0xD8C5F121,sceMpegCreate
sceMpeg,0x606A4649,sceMpegDelete
sceMpeg,0x874624D6,sceMpegFinish
sceMpeg,0xCEB870B1,sceMpegFreeAvcEsBuf
sceMpeg,0xE1CE83A7,sceMpegGetAtracAu
sceMpeg,0xFE246728,sceMpegGetAvcAu
sceMpeg,0x682A619B,sceMpegInit
sceMpeg,0x167AFD9E,sceMpegInitAu
sceMpeg,0xA780CF7E,sceMpegMallocAvcEsBuf
sceMpeg,0xF8DCB679,sceMpegQueryAtracEsSize
sceMpeg,0xC132E22F,sceMpegQueryMemSize
sceMpeg,0x21FF80E4,sceMpegQueryStreamOffset
sceMpeg,0x611E9E11,sceMpegQueryStreamSize
sceMpeg,0x42560F23,sceMpegRegistStream
sceMpeg,0xB5F6DC87,sceMpegRingbufferAvailableSize
sceMpeg,0x37295ED8,sceMpegRingbufferConstruct
sceMpeg,0x13407F13,sceMpegRingbufferDestruct
sceMpeg,0xB240A59E,sceMpegRingbufferPut
sceMpeg,0xD7A29F46,sceMpegRingbufferQueryMemSize
sceMpeg,0x591A4AA2,sceMpegUnRegistStream

sceNet,0x0BF0A3AE,sceNetGetLocalEtherAddr
sceNet,0x39AF39A6,sceNetInit
sceNet,0x281928A9,sceNetTerm

sceNetAdhoc,0x7F75C338,sceNetAdhocGameModeCreateMaster
sceNetAdhoc,0x3278AB0C,sceNetAdhocGameModeCreateReplica
sceNetAdhoc,0xA0229362,sceNetAdhocGameModeDeleteMaster
sceNetAdhoc,0x0B2228E9,sceNetAdhocGameModeDeleteReplica
sceNetAdhoc,0x98C204C8,sceNetAdhocGameModeUpdateMaster
sceNetAdhoc,0xFA324B4E,sceNetAdhocGameModeUpdateReplica
sceNetAdhoc,0xE1D621D7,sceNetAdhocInit
sceNetAdhoc,0x9DF81198,sceNetAdhocPtpAccept
sceNetAdhoc,0x157E6225,sceNetAdhocPtpClose
sceNetAdhoc,0xFC6FC07B,sceNetAdhocPtpConnect
sceNetAdhoc,0x9AC2EEAC,sceNetAdhocPtpFlush
sceNetAdhoc,0xE08BDAC1,sceNetAdhocPtpListen
sceNetAdhoc,0x877F6D66,sceNetAdhocPtpOpen
sceNetAdhoc,0x8BEA2B3E,sceNetAdhocPtpRecv
sceNetAdhoc,0x4DA4C788,sceNetAdhocPtpSend
sceNetAdhoc,0xA62C6F57,sceNetAdhocTerm

sceNetAdhocMatching,0xEA3C6108,sceNetAdhocMatchingCancelTarget
sceNetAdhocMatching,0xCA5EDA6F,sceNetAdhocMatchingCreate
sceNetAdhocMatching,0xF16EAF4F,sceNetAdhocMatchingDelete
sceNetAdhocMatching,0x2A2A1E07,sceNetAdhocMatchingInit
sceNetAdhocMatching,0x5E3D4B79,sceNetAdhocMatchingSelectTarget
sceNetAdhocMatching,0x93EF3843,sceNetAdhocMatchingStart
sceNetAdhocMatching,0x32B156B3,sceNetAdhocMatchingStop
sceNetAdhocMatching,0x7945ECDA,sceNetAdhocMatchingTerm

sceNetAdhocctl,0x20B317A0,sceNetAdhocctlAddHandler
sceNetAdhocctl,0x0AD043ED,sceNetAdhocctlConnect
sceNetAdhocctl,0xA5C055CE,sceNetAdhocctlCreateEnterGameMode
sceNetAdhocctl,0x6402490B,sceNetAdhocctlDelHandler
sceNetAdhocctl,0x34401D65,sceNetAdhocctlDisconnect
sceNetAdhocctl,0xCF8E084D,sceNetAdhocctlExitGameMode
sceNetAdhocctl,0x8916C003,sceNetAdhocctlGetNameByAddr
sceNetAdhocctl,0x8DB83FDC,sceNetAdhocctlGetPeerInfo
sceNetAdhocctl,0xE162CB14,sceNetAdhocctlGetPeerList
sceNetAdhocctl,0xE26F226E,sceNetAdhocctlInit
sceNetAdhocctl,0x1FF89745,sceNetAdhocctlJoinEnterGameMode
sceNetAdhocctl,0x9D689E13,sceNetAdhocctlTerm

scePower,0x04B7766E,scePowerRegisterCallback
scePower,0xDFA8BAF8,scePowerUnregisterCallback

sceRtc,0x011F03C1,sceRtcGetAccumulativeTime
sceRtc,0xE7C27D1B,sceRtcGetCurrentClockLocalTime
sceRtc,0x3F7AD767,sceRtcGetCurrentTick

sceSasCore,0xA3589D81,__sceSasCore
sceSasCore,0x50A14DFC,__sceSasCoreWithMix
sceSasCore,0x68A46B95,__sceSasGetEndFlag
sceSasCore,0x74AE582A,__sceSasGetEnvelopeHeight
sceSasCore,0x2C8E6AB3,__sceSasGetPauseFlag
sceSasCore,0x42778A9F,__sceSasInit
sceSasCore,0xD5A229C9,__sceSasRevEVOL
sceSasCore,0x267A6DD2,__sceSasRevParam
sceSasCore,0x33D4AB37,__sceSasRevType
sceSasCore,0xF983B186,__sceSasRevVON
sceSasCore,0x019B25EB,__sceSasSetADSR
sceSasCore,0x9EC3676A,__sceSasSetADSRmode
sceSasCore,0xA0CF2FA4,__sceSasSetKeyOff
sceSasCore,0x76F01ACA,__sceSasSetKeyOn
sceSasCore,0xB7660A23,__sceSasSetNoise
sceSasCore,0x787D04D5,__sceSasSetPause
sceSasCore,0xAD84D37F,__sceSasSetPitch
sceSasCore,0x5F9529F6,__sceSasSetSL
sceSasCore,0xCBCD4F79,__sceSasSetSimpleADSR
sceSasCore,0x99944089,__sceSasSetVoice
sceSasCore,0x440CA7D8,__sceSasSetVolume

sceSuspendForUser,0xEADB1BD7,sceKernelPowerLock
sceSuspendForUser,0x090CCB3F,sceKernelPowerTick
sceSuspendForUser,0x3AEE7261,sceKernelPowerUnlock
sceSuspendForUser,0xA14F40B2,sceKernelVolatileMemTryLock
sceSuspendForUser,0xA569E425,sceKernelVolatileMemUnlock

sceUmdUser,0xE83742BA,sceUmdDeactivate
sceUmdUser,0x20628E6F,sceUmdGetErrorStat
sceUmdUser,0x4A9E5E29,sceUmdWaitDriveStatCB

sceUtility,0x34B78343,sceUtilityGetSystemParamString
sceUtility,0x1579A159,sceUtilityLoadNetModule
sceUtility,0x9A1C91D7,sceUtilityMsgDialogGetStatus
sceUtility,0x2AD8E239,sceUtilityMsgDialogInitStart
sceUtility,0x67AF3428,sceUtilityMsgDialogShutdownStart
sceUtility,0x95FC253B,sceUtilityMsgDialogUpdate
sceUtility,0x8874DBE0,sceUtilitySavedataGetStatus
sceUtility,0x50C4CD57,sceUtilitySavedataInitStart
sceUtility,0x9790B33C,sceUtilitySavedataShutdownStart
sceUtility,0xD4B95FFB,sceUtilitySavedataUpdate
sceUtility,0x64D50C56,sceUtilityUnloadNetModule

sceWlanDrv,0x0C622081,sceWlanGetEtherAddr
sceWlanDrv,0xD7763699,sceWlanGetSwitchState
